{"cameraMode":{"drawMode":0,"name":"Shaded","section":"Shading Mode"},"sceneLighting":false,"audioPlay":false,"sceneViewState":{"m_AlwaysRefresh":false,"showFog":true,"showSkybox":false,"showFlares":true,"showImageEffects":true,"showParticleSystems":true,"showVisualEffectGraphs":true,"m_FxEnabled":true},"in2DMode":false,"pivot":{"x":0.034808218479156497,"y":0.06525605916976929,"z":-0.01943141222000122},"rotation":{"x":-0.0719693973660469,"y":-0.37378400564193728,"z":0.029105402529239656,"w":-0.9242673516273499},"size":0.3000172972679138,"orthographic":false}