{"cameraMode":{"drawMode":0,"name":"Shaded","section":"Shading Mode"},"sceneLighting":true,"audioPlay":false,"sceneViewState":{"m_AlwaysRefresh":false,"showFog":true,"showSkybox":true,"showFlares":true,"showImageEffects":true,"showParticleSystems":true,"showVisualEffectGraphs":true,"m_FxEnabled":true},"in2DMode":false,"pivot":{"x":-2.9356184005737306,"y":1.8480284214019776,"z":5.395365238189697},"rotation":{"x":0.019795425236225129,"y":0.45211896300315859,"z":-0.010069177486002446,"w":0.8917297124862671},"size":13.647767066955567,"orthographic":false}