{"cameraMode":{"drawMode":0,"name":"Shaded","section":"Shading Mode"},"sceneLighting":false,"audioPlay":false,"sceneViewState":{"m_AlwaysRefresh":false,"showFog":false,"showSkybox":false,"showFlares":false,"showImageEffects":false,"showParticleSystems":false,"showVisualEffectGraphs":true,"m_FxEnabled":true},"in2DMode":false,"pivot":{"x":0.06210899353027344,"y":1.7491652965545655,"z":0.32658839225769045},"rotation":{"x":-0.0075165098533034328,"y":0.905082106590271,"z":0.016013097018003465,"w":0.4248800277709961},"size":4.332247257232666,"orthographic":false}