{"cameraMode":{"drawMode":0,"name":"Shaded","section":"Shading Mode"},"sceneLighting":true,"audioPlay":false,"sceneViewState":{"m_AlwaysRefresh":false,"showFog":true,"showSkybox":false,"showFlares":true,"showImageEffects":true,"showParticleSystems":true,"showVisualEffectGraphs":true,"m_FxEnabled":true},"in2DMode":false,"pivot":{"x":-0.0050000399351119999,"y":0.14000001549720765,"z":0.8798750042915344},"rotation":{"x":-0.0719693973660469,"y":-0.37378400564193728,"z":0.029105402529239656,"w":-0.9242673516273499},"size":0.9058939218521118,"orthographic":false}