{"cameraMode":{"drawMode":0,"name":"Shaded","section":"Shading Mode"},"sceneLighting":false,"audioPlay":false,"sceneViewState":{"m_AlwaysRefresh":false,"showFog":true,"showSkybox":false,"showFlares":true,"showImageEffects":true,"showParticleSystems":true,"showVisualEffectGraphs":true,"m_FxEnabled":true},"in2DMode":false,"pivot":{"x":7.748481273651123,"y":1.1518515348434449,"z":14.249366760253907},"rotation":{"x":-0.007619618903845549,"y":-0.7805403470993042,"z":0.007515686098486185,"w":-0.6258256435394287},"size":1.4621063470840455,"orthographic":false}