{"cameraMode":{"drawMode":0,"name":"Shaded","section":"Shading Mode"},"sceneLighting":false,"audioPlay":false,"sceneViewState":{"m_AlwaysRefresh":false,"showFog":true,"showSkybox":false,"showFlares":true,"showImageEffects":true,"showParticleSystems":true,"showVisualEffectGraphs":true,"m_FxEnabled":true},"in2DMode":false,"pivot":{"x":-0.6120131611824036,"y":2.1382646560668947,"z":1.0401757955551148},"rotation":{"x":0.010947677306830883,"y":0.9893725514411926,"z":-0.09224557131528855,"w":0.11359624564647675},"size":1.3421874046325684,"orthographic":false}