{"cameraMode":{"drawMode":0,"name":"Shaded","section":"Shading Mode"},"sceneLighting":false,"audioPlay":false,"sceneViewState":{"m_AlwaysRefresh":false,"showFog":true,"showSkybox":false,"showFlares":true,"showImageEffects":true,"showParticleSystems":true,"showVisualEffectGraphs":true,"m_FxEnabled":true},"in2DMode":false,"pivot":{"x":-7.302111625671387,"y":-2.4475622177124025,"z":-10.087576866149903},"rotation":{"x":-0.14840181171894074,"y":-0.38170763850212099,"z":0.06177840754389763,"w":-0.9104626774787903},"size":0.5660256147384644,"orthographic":false}