{"cameraMode":{"drawMode":0,"name":"Shaded","section":"Shading Mode"},"sceneLighting":false,"audioPlay":false,"sceneViewState":{"m_AlwaysRefresh":false,"showFog":true,"showSkybox":false,"showFlares":true,"showImageEffects":true,"showParticleSystems":true,"showVisualEffectGraphs":true,"m_FxEnabled":true},"in2DMode":false,"pivot":{"x":399.3973693847656,"y":226.639404296875,"z":11.632989883422852},"rotation":{"x":0.06145739555358887,"y":0.02126779779791832,"z":-0.0013112107990309597,"w":0.9978875517845154},"size":324.1749267578125,"orthographic":false}