{"cameraMode":{"drawMode":0,"name":"Shaded","section":"Shading Mode"},"sceneLighting":true,"audioPlay":false,"sceneViewState":{"m_AlwaysRefresh":false,"showFog":true,"showSkybox":true,"showFlares":true,"showImageEffects":true,"showParticleSystems":true,"showVisualEffectGraphs":true,"m_FxEnabled":true},"in2DMode":false,"pivot":{"x":-23.506311416625978,"y":1.5422919988632203,"z":-11.571179389953614},"rotation":{"x":0.06463587284088135,"y":0.06282203644514084,"z":-0.00407725665718317,"w":0.9959222674369812},"size":2.803645610809326,"orthographic":false}