{"cameraMode":{"drawMode":0,"name":"Shaded","section":"Shading Mode"},"sceneLighting":true,"audioPlay":false,"sceneViewState":{"m_AlwaysRefresh":false,"showFog":true,"showSkybox":true,"showFlares":true,"showImageEffects":true,"showParticleSystems":true,"showVisualEffectGraphs":true,"m_FxEnabled":true},"in2DMode":false,"pivot":{"x":93.47305297851563,"y":50.570045471191409,"z":3.7611236572265627},"rotation":{"x":0.021908286958932878,"y":0.00008598749263910577,"z":0.00004216110028210096,"w":0.9998016357421875},"size":84.4719009399414,"orthographic":false}